Sintra,Portela,Algueirão,Mercês,Rio de Mouro,Mira Sintra – Meleças,Cacém,Massamá – Barcarena,Monte Abraão,Queluz – Belas,Amadora,Reboleira,Sta. Cruz – Damaia,Benfica,Alcântara Terra,Campolide,Rossio,Sete Rios,Entrecampos,Roma – Areiro,Chelas,Marvila,Santa Apolónia,Braço de Prata,Oriente,Moscavide,Sacavém,Bobadela,Santa Íria,Póvoa,Alverca,Alhandra,Vila Franca de Xira,Castanheira do Ribatejo,Carregado,Vila Nova da Rainha,Espadanal da Azambuja,Azambuja
05:10,05:12,05:15,05:17,05:19,05:19,05:23,05:26,05:29,05:31,05:33,05:36,05:38,05:40,,05:45,05:49,,,,,,,,,,,,,,,,,,,,,
,,,,,,05:27,05:30,05:33,05:35,05:37,05:40,05:42,05:44,,,,05:49,05:52,05:54,,,,05:59,06:02,,,,,,,,,,,,,
,,,,,,,,,,,,,,,,,,,,,,06:05,06:10,06:13,06:15,06:17,06:20,06:23,06:26,06:30,06:33,06:37,06:40,,,,
,,,,,,,,,,,,,,06:06,06:11,,06:13,06:17,06:19,06:22,06:24,,06:26,06:29,06:31,06:33,06:36,06:41,06:44,06:48,06:52,06:55,06:59,07:01,07:05,07:08,07:12
05:40,05:42,05:45,05:47,05:49,,05:53,05:56,05:59,06:01,06:03,06:06,06:08,06:10,,06:15,06:19,,,,,,,,,,,,,,,,,,,,,
,,,,,,05:57,06:00,06:03,06:05,06:07,06:10,06:12,06:14,,,,06:19,06:22,06:24,,,,06:29,06:32,,,,,,,,,,,,,
,,,,,,,,,,,,,,,,,,,,,,06:35,06:40,06:43,06:45,06:47,06:50,06:53,06:56,07:00,07:03,07:07,07:10,,,,
06:03,06:05,06:08,06:10,06:12,,06:16,06:19,06:22,06:24,06:26,06:29,06:31,06:33,,,,06:37,06:40,06:42,,,,06:47,06:50,06:53,06:55,06:58,07:01,07:04,07:07,,,,,,,
,,,,,,,,,,,,,,06:36,06:41,,06:43,06:47,06:49,06:52,06:54,,06:56,06:59,07:01,07:03,07:06,07:11,07:14,07:18,07:22,07:25,07:29,07:31,07:35,07:38,07:42
06:10,06:12,06:15,06:17,06:19,,06:23,06:26,06:29,06:31,06:33,06:36,06:38,06:40,,06:45,06:49,,,,,,,,,,,,,,,,,,,,,
,,,,,,06:27,06:30,06:33,06:35,06:37,06:40,06:42,06:44,,,,06:49,06:52,06:54,,,,06:59,07:02,,,,,,,,,,,,,
06:25,06:27,06:30,06:32,06:34,,06:38,06:41,06:44,06:46,06:48,06:51,06:53,06:55,,07:00,07:04,,,,,,,,,,,,,,,,,,,,,
,,,,,,,,,,,,,,,,,,,,,,07:05,07:10,07:13,07:15,07:17,07:20,07:23,07:26,07:30,07:33,07:37,07:40,,,,
,,,,,06:38,06:42,06:45,06:48,06:50,06:52,06:55,06:57,06:59,,,,07:04,07:07,07:09,,,,07:14,07:17,,,,,,,,,,,,,
06:33,06:35,06:38,06:40,06:42,,06:46,06:49,06:52,06:54,06:56,06:59,07:01,07:03,,,,07:07,07:10,07:12,,,,07:17,07:20,07:23,07:25,07:28,07:31,07:34,07:37,,,,,,,
,,,,,,,,,,,,,,07:06,07:11,,07:13,07:17,07:19,07:22,07:24,,07:26,07:29,07:31,07:33,07:36,07:41,07:44,07:48,07:52,07:55,07:59,08:01,08:05,08:08,08:12
06:40,06:42,06:45,06:47,06:49,,06:53,06:56,06:59,07:01,07:03,07:06,07:08,07:10,,07:15,07:19,,,,,,,,,,,,,,,,,,,,,
,,,,,06:53,06:57,07:00,07:03,07:05,07:07,07:10,07:12,07:14,,,,07:19,07:22,07:24,,,,07:29,07:32,,,,,,,,,,,,,
06:55,06:57,07:00,07:02,07:04,07:04,07:08,07:11,07:14,07:16,07:18,07:21,07:23,07:25,,07:30,07:34,,,,,,,,,,,,,,,,,,,,,
,,,,,,,,,,,,,,,,,,,,,,07:35,07:40,07:43,07:45,07:47,07:50,07:53,07:56,08:00,08:03,08:07,08:10,,,,
,,,,,07:08,07:12,07:15,07:18,07:20,07:22,07:25,07:27,07:29,,,,07:34,07:37,07:39,,,,07:44,07:47,,,,,,,,,,,,,
07:03,07:05,07:08,07:10,07:12,,07:16,07:19,07:22,07:24,07:26,07:29,07:31,07:33,,,,07:37,07:40,07:42,,,,07:47,07:50,07:53,07:55,07:58,08:01,08:04,08:07,,,,,,,
,,,,,,,,,,,,,,07:36,07:41,,07:43,07:47,07:49,07:52,07:54,,07:56,07:59,08:01,08:03,08:06,08:11,08:14,08:18,08:22,08:25,08:29,08:31,08:35,08:38,08:42
07:10,07:12,07:15,07:17,07:19,,07:23,07:26,07:29,07:31,07:33,07:36,07:38,07:40,,07:45,07:49,,,,,,,,,,,,,,,,,,,,,
,,,,,07:23,07:27,07:30,07:33,07:35,07:37,07:40,07:42,07:44,,,,07:49,07:52,07:54,,,,07:59,08:02,,,,,,,,,,,,,
07:25,07:27,07:30,07:32,07:34,,07:38,07:41,07:44,07:46,07:48,07:51,07:53,07:55,,08:00,08:04,,,,,,,,,,,,,,,,,,,,,
,,,,,,,,,,,,,,,,,,,,,,08:05,08:10,08:13,08:15,08:17,08:20,08:23,08:26,08:30,08:33,08:37,08:40,,,,
,,,,,07:38,07:42,07:45,07:48,07:50,07:52,07:55,07:57,07:59,,,,08:04,08:07,08:09,,,,08:14,08:17,,,,,,,,,,,,,
07:33,07:35,07:38,07:40,07:42,,07:46,07:49,07:52,07:54,07:56,07:59,08:01,08:03,,,,08:07,08:10,08:12,,,,08:17,08:20,08:23,08:25,08:28,08:31,08:34,08:37,,,,,,,
,,,,,,,,,,,,,,08:06,08:11,,08:13,08:17,08:19,08:22,08:24,,08:26,08:29,08:31,08:33,08:36,08:41,08:44,08:48,08:52,08:55,08:59,09:01,09:05,09:08,09:12
07:40,07:42,07:45,07:47,07:49,,07:53,07:56,07:59,08:01,08:03,08:06,08:08,08:10,,08:15,08:19,,,,,,,,,,,,,,,,,,,,,
,,,,,07:53,07:57,08:00,08:03,08:05,08:07,08:10,08:12,08:14,,,,08:19,08:22,08:24,,,,08:29,08:32,,,,,,,,,,,,,
07:55,07:57,08:00,08:02,08:04,,08:08,08:11,08:14,08:16,08:18,08:21,08:23,08:25,,08:30,08:34,,,,,,,,,,,,,,,,,,,,,
,,,,,,,,,,,,,,,,,,,,,,08:35,08:40,08:43,08:45,08:47,08:50,08:53,08:56,09:00,09:03,09:07,09:10,,,,
,,,,,08:08,08:12,08:15,08:18,08:20,08:22,08:25,08:27,08:29,,,,08:34,08:37,08:39,,,,08:44,08:47,,,,,,,,,,,,,
08:03,08:05,08:08,08:10,08:12,,08:16,08:19,08:22,08:24,08:26,08:29,08:31,08:33,,,,08:37,08:40,08:42,,,,08:47,08:50,08:53,08:55,08:58,09:01,09:04,09:07,,,,,,,
,,,,,,,,,,,,,,08:36,08:41,,08:43,08:47,08:49,08:52,08:54,,08:56,08:59,09:01,09:03,09:06,09:11,09:14,09:18,09:22,09:25,09:29,09:31,09:35,09:38,09:42
08:10,08:12,08:15,08:17,08:19,,08:23,08:26,08:29,08:31,08:33,08:36,08:38,08:40,,08:45,08:49,,,,,,,,,,,,,,,,,,,,,
,,,,,08:23,08:27,08:30,08:33,08:35,08:37,08:40,08:42,08:44,,,,08:49,08:52,08:54,,,,08:59,09:02,,,,,,,,,,,,,
08:25,08:27,08:30,08:32,08:34,,08:38,08:41,08:44,08:46,08:48,08:51,08:53,08:55,,09:00,09:04,,,,,,,,,,,,,,,,,,,,,
,,,,,,,,,,,,,,,,,,,,,,09:05,09:10,09:13,09:15,09:17,09:20,09:23,09:26,09:30,09:33,09:37,09:40,,,,
,,,,,08:38,08:42,08:45,08:48,08:50,08:52,08:55,08:57,08:59,,,,09:04,09:07,09:09,,,,09:14,09:17,,,,,,,,,,,,,
08:33,08:35,08:38,08:40,08:42,,08:46,08:49,08:52,08:54,08:56,08:59,09:01,09:03,,,,09:07,09:10,09:12,,,,09:17,09:20,09:23,09:25,09:28,09:31,09:34,09:37,,,,,,,
,,,,,,,,,,,,,,09:06,09:11,,09:13,09:17,09:19,09:22,09:24,,09:26,09:29,09:31,09:33,09:36,09:41,09:44,09:48,09:52,09:55,09:59,10:01,10:05,10:08,10:12
08:40,08:42,08:45,08:47,08:49,,08:53,08:56,08:59,09:01,09:03,09:06,09:08,09:10,,09:15,09:19,,,,,,,,,,,,,,,,,,,,,
,,,,,08:53,08:57,09:00,09:03,09:05,09:07,09:10,09:12,09:14,,,,09:19,09:22,09:24,,,,09:29,09:32,,,,,,,,,,,,,
08:55,08:57,09:00,09:02,09:04,,09:08,09:11,09:14,09:16,09:18,09:21,09:23,09:25,,09:30,09:34,,,,,,,,,,,,,,,,,,,,,
,,,,,,,,,,,,,,,,,,,,,,09:35,09:40,09:43,09:45,09:47,09:50,09:53,09:56,10:00,10:03,10:07,10:10,,,,
,,,,,09:08,09:12,09:15,09:18,09:20,09:22,09:25,09:27,09:29,,,,09:34,09:37,09:39,,,,09:44,09:47,,,,,,,,,,,,,
09:03,09:05,09:08,09:10,09:12,,09:16,09:19,09:22,09:24,09:26,09:29,09:31,09:33,,,,09:37,09:40,09:42,,,,09:47,09:50,09:53,09:55,09:58,10:01,10:04,10:07,,,,,,,
,,,,,,,,,,,,,,09:36,09:41,,09:43,09:47,09:49,09:52,09:54,,09:56,09:59,10:01,10:03,10:06,10:11,10:14,10:18,10:22,10:25,10:29,10:31,10:35,10:38,10:42
09:10,09:12,09:15,09:17,09:19,,09:23,09:26,09:29,09:31,09:33,09:36,09:38,09:40,,09:45,09:49,,,,,,,,,,,,,,,,,,,,,
,,,,,09:23,09:27,09:30,09:33,09:35,09:37,09:40,09:42,09:44,,,,09:49,09:52,09:54,,,,09:59,10:02,,,,,,,,,,,,,
09:25,09:27,09:30,09:32,09:34,,09:38,09:41,09:44,09:46,09:48,09:51,09:53,09:55,,10:00,10:04,,,,,,,,,,,,,,,,,,,,,
,,,,,,,,,,,,,,,,,,,,,,10:05,10:10,10:13,10:15,10:17,10:20,10:23,10:26,10:30,10:33,10:37,10:40,,,,
,,,,,09:38,09:42,09:45,09:48,09:50,09:52,09:55,09:57,09:59,,,,10:04,10:07,10:09,,,,10:14,10:17,,,,,,,,,,,,,
09:33,09:35,09:38,09:40,09:42,09:42,09:46,09:49,09:52,09:54,09:56,09:59,10:01,10:03,,,,10:07,10:10,10:12,,,,10:17,10:20,10:23,10:25,10:28,10:31,10:34,10:37,,,,,,,
,,,,,,,,,,,,,,10:06,10:11,,10:13,10:17,10:19,10:22,10:24,,10:26,10:29,10:31,10:33,10:36,10:41,10:44,10:48,10:52,10:55,10:59,11:01,11:05,11:08,11:12
09:40,09:42,09:45,09:47,09:49,09:49,09:53,09:56,09:59,10:01,10:03,10:06,10:08,10:10,,10:15,10:19,,,,,,,,,,,,,,,,,,,,,
,,,,,09:53,09:57,10:00,10:03,10:05,10:07,10:10,10:12,10:14,,,,10:19,10:22,10:24,,,,10:29,10:32,,,,,,,,,,,,,
09:55,09:57,10:00,10:02,10:04,10:04,10:08,10:11,10:14,10:16,10:18,10:21,10:23,10:25,,10:30,10:34,,,,,,,,,,,,,,,,,,,,,
,,,,,10:08,10:12,10:15,10:18,10:20,10:22,10:25,10:27,10:29,,,,10:34,10:37,10:39,,,,10:44,10:47,,,,,,,,,,,,,
,,,,,,,,,,,,,,10:36,10:41,,10:43,10:47,10:49,10:52,10:54,,10:56,10:59,11:01,11:03,11:06,11:11,11:14,11:18,11:22,11:25,11:29,11:31,11:35,11:38,11:42
10:10,10:12,10:15,10:17,10:19,,10:23,10:26,10:29,10:31,10:33,10:36,10:38,10:40,,10:45,10:49,,,,,,,,,,,,,,,,,,,,,
,,,,,10:23,10:27,10:30,10:33,10:35,10:37,10:40,10:42,10:44,,,,10:49,10:52,10:54,,,,10:59,11:02,,,,,,,,,,,,,
10:25,10:27,10:30,10:32,10:34,,10:38,10:41,10:44,10:46,10:48,10:51,10:53,10:55,,11:00,11:04,,,,,,,,,,,,,,,,,,,,,
,,,,,,,,,,,,,,,,,,,,,,11:05,11:10,11:13,11:15,11:17,11:20,11:23,11:26,11:30,11:33,11:37,11:40,,,,
,,,,,10:38,10:42,10:45,10:48,10:50,10:52,10:55,10:57,10:59,,,,11:04,11:07,11:09,,,,11:14,11:17,,,,,,,,,,,,,
,,,,,,,,,,,,,,11:06,11:11,,11:13,11:17,11:19,11:22,11:24,,11:26,11:29,11:31,11:33,11:36,11:41,11:44,11:48,11:52,11:55,11:59,12:01,12:05,12:08,12:12
10:40,10:42,10:45,10:47,10:49,,10:53,10:56,10:59,11:01,11:03,11:06,11:08,11:10,,11:15,11:19,,,,,,,,,,,,,,,,,,,,,
,,,,,10:53,10:57,11:00,11:03,11:05,11:07,11:10,11:12,11:14,,,,,,,,,,,,,,,,,,,,,,,,
10:55,10:57,11:00,11:02,11:04,11:04,11:08,11:11,11:14,11:16,11:18,11:21,11:23,11:25,,11:30,11:34,,,,,,,,,,,,,,,,,,,,,
,,,,,11:08,11:12,11:15,11:18,11:20,11:22,11:25,11:27,11:29,,,,11:34,11:37,11:39,,,,,,,,,,,,,,,,,,
,,,,,,,,,,,,,,11:36,11:41,,11:43,11:47,11:49,11:52,11:54,,11:56,11:59,12:01,12:03,12:06,12:11,12:14,12:18,12:22,12:25,12:29,12:31,12:35,12:38,12:42
11:10,11:12,11:15,11:17,11:19,,11:23,11:26,11:29,11:31,11:33,11:36,11:38,11:40,,11:45,11:49,,,,,,,,,,,,,,,,,,,,,
,,,,,11:23,11:27,11:30,11:33,11:35,11:37,11:40,11:42,11:44,,,,11:49,11:52,11:54,,,,11:59,12:02,,,,,,,,,,,,,
11:25,11:27,11:30,11:32,11:34,11:34,11:38,11:41,11:44,11:46,11:48,11:51,11:53,11:55,,12:00,12:04,,,,,,,,,,,,,,,,,,,,,
,,,,,,,,,,,,,,,,,,,,,,12:05,12:10,12:13,12:15,12:17,12:20,12:23,12:26,12:30,12:33,12:37,12:40,,,,
,,,,,11:38,11:42,11:45,11:48,11:50,11:52,11:55,11:57,11:59,,,,12:04,12:07,12:09,,,,12:14,12:17,,,,,,,,,,,,,
,,,,,,,,,,,,,,12:06,12:11,,12:13,12:17,12:19,12:22,12:24,,12:26,12:29,12:31,12:33,12:36,12:41,12:44,12:48,12:52,12:55,12:59,13:01,13:05,13:08,13:12
11:40,11:42,11:45,11:47,11:49,11:49,11:53,11:56,11:59,12:01,12:03,12:06,12:08,12:10,,12:15,12:19,,,,,,,,,,,,,,,,,,,,,
,,,,,11:53,11:57,12:00,12:03,12:05,12:07,12:10,12:12,12:14,,,,12:19,12:22,12:24,,,,12:29,12:32,,,,,,,,,,,,,
11:55,11:57,12:00,12:02,12:04,12:04,12:08,12:11,12:14,12:16,12:18,12:21,12:23,12:25,,12:30,12:34,,,,,,,,,,,,,,,,,,,,,
,,,,,12:08,12:12,12:15,12:18,12:20,12:22,12:25,12:27,12:29,,,,12:34,12:37,12:39,,,,12:44,12:47,,,,,,,,,,,,,
,,,,,,,,,,,,,,12:36,12:41,,12:43,12:47,12:49,12:52,12:54,,12:56,12:59,13:01,13:03,13:06,13:11,13:14,13:18,13:22,13:25,13:29,13:31,13:35,13:38,13:42
12:10,12:12,12:15,12:17,12:19,12:19,12:23,12:26,12:29,12:31,12:33,12:36,12:38,12:40,,12:45,12:49,,,,,,,,,,,,,,,,,,,,,
,,,,,12:23,12:27,12:30,12:33,12:35,12:37,12:40,12:42,12:44,,,,12:49,12:52,12:54,,,,12:59,13:02,,,,,,,,,,,,,
12:25,12:27,12:30,12:32,12:34,12:34,12:38,12:41,12:44,12:46,12:48,12:51,12:53,12:55,,13:00,13:04,,,,,,,,,,,,,,,,,,,,,
,,,,,,,,,,,,,,,,,,,,,,13:05,13:10,13:13,13:15,13:17,13:20,13:23,13:26,13:30,13:33,13:37,13:40,,,,
,,,,,12:38,12:42,12:45,12:48,12:50,12:52,12:55,12:57,12:59,12:59,,,13:04,13:07,13:09,,,,13:14,13:17,,,,,,,,,,,,,
,,,,,,,,,,,,,,13:06,13:11,,13:13,13:17,13:19,13:22,13:24,,13:26,13:29,13:31,13:33,13:36,13:41,13:44,13:48,13:52,13:55,13:59,14:01,14:05,14:08,14:12
12:40,12:42,12:45,12:47,12:49,12:49,12:53,12:56,12:59,13:01,13:03,13:06,13:08,13:10,13:10,13:15,13:19,13:19,,,,,,,,,,,,,,,,,,,,
,,,,,12:53,12:57,13:00,13:03,13:05,13:07,13:10,13:12,13:14,13:14,,,13:19,13:22,13:24,13:24,,,13:29,13:32,,,,,,,,,,,,,
12:55,12:57,13:00,13:02,13:04,13:04,13:08,13:11,13:14,13:16,13:18,13:21,13:23,13:25,13:25,13:30,13:34,13:34,,,,,,,,,,,,,,,,,,,,
,,,,,13:08,13:12,13:15,13:18,13:20,13:22,13:25,13:27,13:29,13:29,,,13:34,13:37,13:39,13:39,,,13:44,13:47,,,,,,,,,,,,,
,,,,,,,,,,,,,,13:36,13:41,,13:43,13:47,13:49,13:52,13:54,13:54,13:56,13:59,14:01,14:03,14:06,14:11,14:14,14:18,14:22,14:25,14:29,14:31,14:35,14:38,14:42
13:10,13:12,13:15,13:17,13:19,13:19,13:23,13:26,13:29,13:31,13:33,13:36,13:38,13:40,13:40,13:45,13:49,13:49,,,,,,,,,,,,,,,,,,,,
,,,,,13:23,13:27,13:30,13:33,13:35,13:37,13:40,13:42,13:44,13:44,,,13:49,13:52,13:54,,,,13:59,14:02,,,,,,,,,,,,,
13:25,13:27,13:30,13:32,13:34,13:34,13:38,13:41,13:44,13:46,13:48,13:51,13:53,13:55,13:55,14:00,14:04,14:04,,,,,,,,,,,,,,,,,,,,
,,,,,,,,,,,,,,,,,,,,,,14:05,14:10,14:13,14:15,14:17,14:20,14:23,14:26,14:30,14:33,14:37,14:40,,,,
,,,,,13:38,13:42,13:45,13:48,13:50,13:52,13:55,13:57,13:59,13:59,,,14:04,14:07,14:09,,,,14:14,14:17,,,,,,,,,,,,,
,,,,,,,,,,,,,,14:06,14:11,,14:13,14:17,14:19,14:22,14:24,,14:26,14:29,14:31,14:33,14:36,14:41,14:44,14:48,14:52,14:55,14:59,15:01,15:05,15:08,15:12
13:40,13:42,13:45,13:47,13:49,13:49,13:53,13:56,13:59,14:01,14:03,14:06,14:08,14:10,14:10,14:15,14:19,14:19,,,,,,,,,,,,,,,,,,,,
,,,,,13:53,13:57,14:00,14:03,14:05,14:07,14:10,14:12,14:14,14:14,,,14:19,14:22,14:24,,,,14:29,14:32,,,,,,,,,,,,,
13:55,13:57,14:00,14:02,14:04,14:04,14:08,14:11,14:14,14:16,14:18,14:21,14:23,14:25,14:25,14:30,14:34,14:34,,,,,,,,,,,,,,,,,,,,
,,,,,14:08,14:12,14:15,14:18,14:20,14:22,14:25,14:27,14:29,14:29,,,14:34,14:37,14:39,,,,14:44,14:47,,,,,,,,,,,,,
,,,,,,,,,,,,,,14:36,14:41,,14:43,14:47,14:49,14:52,14:54,,14:56,14:59,15:01,15:03,15:06,15:11,15:14,15:18,15:22,15:25,15:29,15:31,15:35,15:38,15:42
14:10,14:12,14:15,14:17,14:19,14:19,14:23,14:26,14:29,14:31,14:33,14:36,14:38,14:40,14:40,14:45,14:49,14:49,,,,,,,,,,,,,,,,,,,,
,,,,,14:23,14:27,14:30,14:33,14:35,14:37,14:40,14:42,14:44,14:44,,,14:49,14:52,14:54,14:54,,,14:59,15:02,,,,,,,,,,,,,
14:25,14:27,14:30,14:32,14:34,14:34,14:38,14:41,14:44,14:46,14:48,14:51,14:53,14:55,14:55,15:00,15:04,15:04,,,,,,,,,,,,,,,,,,,,
,,,,,,,,,,,,,,,,,,,,,,15:05,15:10,15:15,15:17,15:20,15:23,15:26,15:30,15:33,15:37,15:40,,,,,
,,,,,14:38,14:42,14:45,14:48,14:50,14:52,14:55,14:57,14:59,14:59,,,15:04,15:07,15:09,15:09,,,15:14,15:17,,,,,,,,,,,,,
,,,,,,,,,,,,,,15:06,15:11,,15:13,15:17,15:19,15:22,15:24,,15:26,15:29,15:31,15:33,15:36,15:41,15:44,15:48,15:52,15:55,15:59,16:01,16:05,16:08,16:12
14:40,14:42,14:45,14:47,14:49,14:49,14:53,14:56,14:59,15:01,15:03,15:06,15:08,15:10,15:10,15:15,15:19,15:19,,,,,,,,,,,,,,,,,,,,
,,,,,14:53,14:57,15:00,15:03,15:05,15:07,15:10,15:12,15:14,15:14,,,15:19,15:22,15:24,15:24,,,15:29,15:32,,,,,,,,,,,,,
14:55,14:57,15:00,15:02,15:04,15:04,15:08,15:11,15:14,15:16,15:18,15:21,15:23,15:25,15:25,15:30,15:34,15:34,,,,,,,,,,,,,,,,,,,,
,,,,,15:08,15:12,15:15,15:18,15:20,15:22,15:25,15:27,15:29,15:29,,,15:34,15:37,15:39,15:39,,,15:44,15:47,,,,,,,,,,,,,
,,,,,,,,,,,,,,15:36,15:41,,15:43,15:47,15:49,15:52,15:54,,15:56,15:59,16:01,16:03,16:06,16:11,16:14,16:18,16:22,16:25,16:29,16:31,16:35,16:38,16:42
15:10,15:12,15:15,15:17,15:19,15:19,15:23,15:26,15:29,15:31,15:33,15:36,15:38,15:40,15:40,15:45,15:49,15:49,,,,,,,,,,,,,,,,,,,,
,,,,,15:23,15:27,15:30,15:33,15:35,15:37,15:40,15:42,15:44,,,,,15:49,15:52,15:54,,,,,15:59,16:02,16:02,,,,,,,,,,
15:25,15:27,15:30,15:32,15:34,,15:38,15:41,15:44,15:46,15:48,15:51,15:53,15:55,,16:00,16:04,,,,,,,,,,,,,,,,,,,,,
,,,,,,,,,,,,,,,,,,,,,,16:05,16:10,16:13,16:15,16:17,16:20,16:23,16:26,16:30,16:33,16:37,16:40,,,,
,,,,,15:38,15:42,15:45,15:48,15:50,15:52,15:55,15:57,15:59,,,,16:04,16:07,16:09,,,,16:14,16:17,,,,,,,,,,,,,
,,,,,,,,,,,,,,16:06,16:11,,16:13,16:17,16:19,16:22,16:24,,16:26,16:29,16:31,16:33,16:36,16:41,16:44,16:48,16:52,16:55,16:59,17:01,17:05,17:08,17:12
15:40,15:42,15:45,15:47,15:49,,15:53,15:56,15:59,16:01,16:03,16:06,16:08,16:10,,16:15,16:19,,,,,,,,,,,,,,,,,,,,,
,,,,,15:53,15:57,16:00,16:03,16:05,16:07,16:10,16:12,16:14,,,,16:19,16:22,16:24,,,,16:29,16:32,,,,,,,,,,,,,
15:55,15:57,16:00,16:02,16:04,,16:08,16:11,16:14,16:16,16:18,16:21,16:23,16:25,,16:30,16:34,,,,,,,,,,,,,,,,,,,,,
,,,,,,,,,,,,,,,,,,,,,,16:35,16:40,16:43,16:45,16:47,16:50,16:53,16:56,17:00,17:03,17:07,17:10,,,,
,,,,,16:08,16:12,16:15,16:18,16:20,16:22,16:25,16:27,16:29,,,,16:34,16:37,16:39,,,,16:44,16:47,,,,,,,,,,,,,
,,,,,,,,,,,,,,16:36,16:41,,16:43,16:47,16:49,16:52,16:54,,16:56,16:59,17:01,17:03,17:06,17:11,17:14,17:18,17:22,17:25,17:29,17:31,17:35,17:38,17:42
16:10,16:12,16:15,16:17,16:19,,16:23,16:26,16:29,16:31,16:33,16:36,16:38,16:40,,16:45,16:49,,,,,,,,,,,,,,,,,,,,,
,,,,,16:23,16:27,16:30,16:33,16:35,16:37,16:40,16:42,16:44,,,,16:49,16:52,16:54,,,,16:59,17:02,,,,,,,,,,,,,
16:25,16:27,16:30,16:32,16:34,,16:38,16:41,16:44,16:46,16:48,16:51,16:53,16:55,,17:00,17:04,,,,,,,,,,,,,,,,,,,,,
,,,,,,,,,,,,,,,,,,,,,,17:05,17:10,17:13,17:15,17:17,17:20,17:23,17:26,17:30,17:33,17:37,17:40,,,,
,,,,,16:38,16:42,16:45,16:48,16:50,16:52,16:55,16:57,16:59,,,,17:04,17:07,17:09,,,,17:14,17:17,,,,,,,,,,,,,
16:33,16:35,16:38,16:40,16:42,,16:46,16:49,16:52,16:54,16:56,16:59,17:01,17:03,,,,17:07,17:10,17:12,,,,17:17,17:20,17:23,17:25,17:28,17:31,17:34,17:37,,,,,,,
,,,,,,,,,,,,,,17:06,17:11,,17:13,17:17,17:19,17:22,17:24,,17:26,17:29,17:31,17:33,17:36,17:41,17:44,17:48,17:52,17:55,17:59,18:01,18:05,18:08,18:12
16:40,16:42,16:45,16:47,16:49,,16:53,16:56,16:59,17:01,17:03,17:06,17:08,17:10,,17:15,17:19,,,,,,,,,,,,,,,,,,,,,
,,,,,16:53,16:57,17:00,17:03,17:05,17:07,17:10,17:12,17:14,,,,17:19,17:22,17:24,,,,17:29,17:32,,,,,,,,,,,,,
16:55,16:57,17:00,17:02,17:04,,17:08,17:11,17:14,17:16,17:18,17:21,17:23,17:25,,17:30,17:34,,,,,,,,,,,,,,,,,,,,,
,,,,,,,,,,,,,,,,,,,,,,17:35,17:40,17:43,17:45,17:47,17:50,17:53,17:56,18:00,18:03,18:07,18:10,,,,
,,,,,17:08,17:12,17:15,17:18,17:20,17:22,17:25,17:27,17:29,,,,17:34,17:37,17:39,,,,17:44,17:47,,,,,,,,,,,,,
17:03,17:05,17:08,17:10,17:12,,17:16,17:19,17:22,17:24,17:26,17:29,17:31,17:33,,,,,,,,,,17:47,17:50,17:53,17:55,17:58,18:01,18:04,18:07,,,,,,,
,,,,,,,,,,,,,,17:36,17:41,,17:43,17:47,17:49,17:52,17:54,,17:56,17:59,18:01,18:03,18:06,18:11,18:14,18:18,18:22,18:25,18:29,18:31,18:35,18:38,18:42
17:10,17:12,17:15,17:17,17:19,,17:23,17:26,17:29,17:31,17:33,17:36,17:38,17:40,,17:45,17:49,,,,,,,,,,,,,,,,,,,,,
,,,,,17:23,17:27,17:30,17:33,17:35,17:37,17:40,17:42,17:44,,,,17:49,17:52,17:54,,,,17:59,18:02,,,,,,,,,,,,,
17:25,17:27,17:30,17:32,17:34,,17:38,17:41,17:44,17:46,17:48,17:51,17:53,17:55,,18:00,18:04,,,,,,,,,,,,,,,,,,,,,
,,,,,,,,,,,,,,,,,,,,,,18:05,18:10,18:13,18:15,18:17,18:20,18:23,18:26,18:30,18:33,18:37,18:40,,,,
,,,,,17:38,17:42,17:45,17:48,17:50,17:52,17:55,17:57,17:59,,,,18:04,18:07,18:09,,,,18:14,18:17,,,,,,,,,,,,,
17:33,17:35,17:38,17:40,17:42,,17:46,17:49,17:52,17:54,17:56,17:59,18:01,18:03,,,,18:07,18:10,18:12,,,,18:17,18:20,18:23,18:25,18:28,18:31,18:34,18:37,,,,,,,
,,,,,,,,,,,,,,18:06,18:11,,18:13,18:17,18:19,18:22,18:24,,18:26,18:29,18:31,18:33,18:36,18:41,18:44,18:48,18:52,18:55,18:59,19:01,19:05,19:08,19:12
17:40,17:42,17:45,17:47,17:49,,17:53,17:56,17:59,18:01,18:03,18:06,18:08,18:10,,18:15,18:19,,,,,,,,,,,,,,,,,,,,,
,,,,,17:53,17:57,18:00,18:03,18:05,18:07,18:10,18:12,18:14,,,,18:19,18:22,18:24,,,,18:29,18:32,,,,,,,,,,,,,
17:55,17:57,18:00,18:02,18:04,,18:08,18:11,18:14,18:16,18:18,18:21,18:23,18:25,,18:30,18:34,,,,,,,,,,,,,,,,,,,,,
,,,,,,,,,,,,,,,,,,,,,,18:35,18:40,18:43,18:45,18:47,18:50,18:53,18:56,19:00,19:03,19:07,19:10,,,,
,,,,,18:08,18:12,18:15,18:18,18:20,18:22,18:25,18:27,18:29,,,,18:34,18:37,18:39,,,,18:44,18:47,,,,,,,,,,,,,
18:03,18:05,18:08,18:10,18:12,,18:16,18:19,18:22,18:24,18:26,18:29,18:31,18:33,,,,18:37,18:40,18:42,,,,18:47,18:50,18:53,18:55,18:58,19:01,19:04,19:07,,,,,,,
,,,,,,,,,,,,,,18:36,18:41,,18:43,18:47,18:49,18:52,18:54,18:54,18:56,18:59,19:01,19:03,19:06,19:11,19:14,19:18,19:22,19:25,19:29,19:31,19:35,19:38,19:42
18:10,18:12,18:15,18:17,18:19,,18:23,18:26,18:29,18:31,18:33,18:36,18:38,18:40,,18:45,18:49,,,,,,,,,,,,,,,,,,,,,
,,,,,18:23,18:27,18:30,18:33,18:35,18:37,18:40,18:42,18:44,,,,18:49,18:52,18:54,,,,18:59,19:02,,,,,,,,,,,,,
18:25,18:27,18:30,18:32,18:34,,18:38,18:41,18:44,18:46,18:48,18:51,18:53,18:55,,19:00,19:04,,,,,,,,,,,,,,,,,,,,,
,,,,,,,,,,,,,,,,,,,,,,19:05,19:10,19:13,19:15,19:17,19:20,19:23,19:26,19:30,19:33,19:37,19:40,,,,
,,,,,18:38,18:42,18:45,18:48,18:50,18:52,18:55,18:57,18:59,,,,19:04,19:07,19:09,,,,19:14,19:17,,,,,,,,,,,,,
18:33,18:35,18:38,18:40,18:42,,18:46,18:49,18:52,18:54,18:56,18:59,19:01,19:03,,,,19:07,19:10,19:12,,,,19:17,19:20,19:23,19:25,19:28,19:31,19:34,19:37,,,,,,,
,,,,,,,,,,,,,,19:06,19:11,,19:13,19:17,19:19,19:22,19:24,,19:26,19:29,19:31,19:33,19:36,19:41,19:44,19:48,19:52,19:55,19:59,20:01,20:05,20:08,20:12
18:40,18:42,18:45,18:47,18:49,,18:53,18:56,18:59,19:01,19:03,19:06,19:08,19:10,,19:15,19:19,,,,,,,,,,,,,,,,,,,,,
,,,,,18:53,18:57,19:00,19:03,19:05,19:07,19:10,19:12,19:14,,,,19:19,19:22,19:24,,,,19:29,19:32,,,,,,,,,,,,,
18:55,18:57,19:00,19:02,19:04,,19:08,19:11,19:14,19:16,19:18,19:21,19:23,19:25,,19:30,19:34,,,,,,,,,,,,,,,,,,,,,
,,,,,,,,,,,,,,,,,,,,,,19:35,19:40,19:43,19:45,19:47,19:50,19:53,19:56,20:00,20:03,20:07,20:10,,,,
,,,,,19:08,19:12,19:15,19:18,19:20,19:22,19:25,19:27,19:29,,,,19:34,19:37,19:39,,,,19:44,19:47,,,,,,,,,,,,,
19:03,19:05,19:08,19:10,19:12,,19:16,19:19,19:22,19:24,19:26,19:29,19:31,19:33,,,,19:37,19:40,19:42,,,,19:47,19:50,19:53,19:55,19:58,20:01,20:04,20:07,20:07,,,,,,
,,,,,,,,,,,,,,19:36,19:41,,19:43,19:47,19:49,19:52,19:54,,19:56,19:59,20:01,20:03,20:06,20:11,20:14,20:18,20:22,20:25,20:29,20:31,20:35,20:38,20:42
19:10,19:12,19:15,19:17,19:19,,19:23,19:26,19:29,19:31,19:33,19:36,19:38,19:40,,19:45,19:49,,,,,,,,,,,,,,,,,,,,,
,,,,,19:23,19:27,19:30,19:33,19:35,19:37,19:40,19:42,19:44,,,,19:49,19:52,19:54,,,,19:59,20:02,,,,,,,,,,,,,
19:25,19:27,19:30,19:32,19:34,,19:38,19:41,19:44,19:46,19:48,19:51,19:53,19:55,,20:00,20:04,,,,,,,,,,,,,,,,,,,,,
,,,,,,,,,,,,,,,,,,,,,,20:05,20:10,20:13,20:15,20:17,20:20,20:23,20:26,20:30,20:33,20:37,20:40,,,,
,,,,,19:38,19:42,19:45,19:48,19:50,19:52,19:55,19:57,19:59,,,,20:04,20:07,20:09,,,,20:14,20:17,,,,,,,,,,,,,
19:33,19:35,19:38,19:40,19:42,,19:46,19:49,19:52,19:54,19:56,19:59,20:01,20:03,,,,20:07,20:10,20:12,,,,20:17,20:20,20:23,20:25,20:28,20:31,20:34,20:37,,,,,,,
,,,,,19:38,19:42,19:45,19:48,19:50,19:52,19:55,19:57,19:59,,,,20:04,20:07,20:09,,,,20:14,20:17,,,,,,,,,,,,,
19:33,19:35,19:38,19:40,19:42,,19:46,19:49,19:52,19:54,19:56,19:59,20:01,20:03,,,,20:07,20:10,20:12,,,,20:17,20:20,20:23,20:25,20:28,20:31,20:34,20:37,,,,,,,
,,,,,,,,,,,,,,20:06,20:11,,20:13,20:17,20:19,20:22,20:24,,20:26,20:29,20:31,20:33,20:36,20:41,20:44,20:48,20:52,20:55,20:59,21:01,21:05,21:08,21:12
19:40,19:42,19:45,19:47,19:49,,19:53,19:56,19:59,20:01,20:03,20:06,20:08,20:10,,20:15,20:19,,,,,,,,,,,,,,,,,,,,,
,,,,,19:53,19:57,20:00,20:03,20:05,20:07,20:10,20:12,20:14,,,,20:19,20:22,20:24,,,,20:29,20:32,,,,,,,,,,,,,
19:55,19:57,20:00,20:02,20:04,,20:08,20:11,20:14,20:16,20:18,20:21,20:23,20:25,,20:30,20:34,,,,,,,,,,,,,,,,,,,,,
,,,,,20:08,20:12,20:15,20:18,20:20,20:22,20:25,20:27,20:29,,,,20:34,20:37,20:39,,,,20:44,20:47,,,,,,,,,,,,,
,,,,,,,,,,,,,,20:36,20:41,,20:43,20:47,20:49,20:52,20:54,,20:56,20:59,21:01,21:03,21:06,21:11,21:14,21:18,21:22,21:25,21:29,21:31,21:35,21:38,21:42
20:10,20:12,20:15,20:17,20:19,,20:23,20:26,20:29,20:31,20:33,20:36,20:38,20:40,,20:45,20:49,,,,,,,,,,,,,,,,,,,,,
,,,,,20:23,20:27,20:30,20:33,20:35,20:37,20:40,20:42,20:44,,,,20:49,20:52,20:54,,,,20:59,21:02,,,,,,,,,,,,,
20:25,20:27,20:30,20:32,20:34,,20:38,20:41,20:44,20:46,20:48,20:51,20:53,20:55,,21:00,21:04,,,,,,,,,,,,,,,,,,,,,
,,,,,,,,,,,,,,,,,,,,,,21:05,21:10,21:13,21:15,21:17,21:20,21:23,21:26,21:30,21:33,21:37,21:40,,,,
20:40,20:42,20:45,20:47,20:49,,20:53,20:56,20:59,21:01,21:03,21:06,21:08,21:10,,21:15,21:19,,,,,,,,,,,,,,,,,,,,,
,,,,,20:53,20:57,21:00,21:03,21:05,21:07,21:10,21:12,21:14,,,,21:19,21:22,21:24,,,,21:29,21:32,,,,,,,,,,,,,
,,,,,,,,,,,,,,21:36,21:41,,21:43,21:47,21:49,21:52,21:54,,21:56,21:59,22:01,22:03,22:06,22:11,22:14,22:18,22:22,22:25,22:29,22:31,22:35,22:38,22:42
21:10,21:12,21:15,21:17,21:19,,21:23,21:26,21:29,21:31,21:33,21:36,21:38,21:40,,21:45,21:49,,,,,,,,,,,,,,,,,,,,,
,,,,,21:23,21:27,21:30,21:33,21:35,21:37,21:40,21:42,21:44,,,,21:49,21:52,21:54,,,,21:59,22:02,,,,,,,,,,,,,
,,,,,,,,,,,,,,,,,,,,,,22:05,22:10,22:13,22:15,22:17,22:20,22:23,22:26,22:30,22:33,22:37,22:40,,,,
21:40,21:42,21:45,21:47,21:49,,21:53,21:56,21:59,22:01,22:03,22:06,22:08,22:10,,22:15,22:19,,,,,,,,,,,,,,,,,,,,,
,,,,,21:53,21:57,22:00,22:03,22:05,22:07,22:10,22:12,22:14,,,,22:19,22:22,22:24,,,,22:29,22:32,,,,,,,,,,,,,
,,,,,,,,,,,,,,22:36,22:41,,22:43,22:47,22:49,22:52,22:54,,22:56,22:59,23:01,23:03,23:06,23:11,23:14,23:18,23:22,23:25,23:29,23:31,23:35,23:38,23:42
22:10,22:12,22:15,22:17,22:19,,22:23,22:26,22:29,22:31,22:33,22:36,22:38,22:40,,22:45,22:49,,,,,,,,,,,,,,,,,,,,,
,,,,,22:23,22:27,22:30,22:33,22:35,22:37,22:40,22:42,22:44,,,,22:49,22:52,22:54,,,,22:59,23:02,,,,,,,,,,,,,
,,,,,,,,,,,,,,,,,,,,,,23:05,23:10,23:13,23:15,23:17,23:20,23:23,23:26,23:30,23:33,23:37,23:40,,,,
22:40,22:42,22:45,22:47,22:49,,22:53,22:56,22:59,23:01,23:03,23:06,23:08,23:10,,23:15,23:19,,,,,,,,,,,,,,,,,,,,,
,,,,,22:53,22:57,23:00,23:03,23:05,23:07,23:10,23:12,23:14,,,,23:19,23:22,23:24,,,,23:29,23:32,,,,,,,,,,,,,
,,,,,,,,,,,,,,23:36,23:41,,23:43,23:47,23:49,23:52,23:54,,23:56,23:59,00:01,00:03,00:06,00:11,00:14,00:18,00:22,00:25,00:29,00:31,00:35,00:38,00:42
23:10,23:12,23:15,23:17,23:19,,23:23,23:26,23:29,23:31,23:33,23:36,23:38,23:40,,23:45,23:49,,,,,,,,,,,,,,,,,,,,,
,,,,,,,,,,,,,,,,,,,,,,00:05,00:10,00:13,00:15,00:17,00:20,00:23,00:26,00:30,00:33,00:37,00:40,,,,
23:40,23:42,23:45,23:47,23:49,,23:53,23:56,23:59,00:01,00:03,00:06,00:08,00:10,,00:15,00:19,,,,,,,,,,,,,,,,,,,,,
,,,,,,,,,,,,,,00:36,00:41,,00:43,00:47,00:49,00:52,00:54,,00:56,00:59,01:01,01:03,01:06,01:11,01:14,01:18,01:22,01:25,01:29,01:31,01:35,01:38,01:42
